market_volume,noise_orders,risk_score,scenario_id
1809,1,71.0059779562862,0
578,3,77.95907534801346,1
1336,5,32.21884025772051,2
1056,4,49.25224494211839,3
656,4,75.52409888136998,4
1220,1,59.17858452511918,5
1622,3,49.19217777400098,6
636,3,36.02405768132496,7
1518,3,42.22014477340561,8
998,5,57.41136873597607,9
1049,1,51.93159589515183,10
1763,2,69.05492235906065,11
781,4,69.11721941424912,12
685,2,72.14885954381752,13
1646,1,48.31312723109046,14
587,3,52.11030935425849,15
1689,2,78.58660130718954,16
959,1,64.87472569246454,17
1130,3,64.04463721491354,18
1512,2,41.04085945755548,19
1678,2,42.936673692278156,20
1411,4,58.38628762541806,21
1475,1,61.960133895263255,22
1349,3,67.92649098474341,23
645,3,42.25650919273521,24
653,1,53.917641764176416,25
1455,5,44.041430290527764,26
1901,1,65.0853533629225,27
742,3,58.58792537857451,28
1163,5,56.86503692386045,29
650,5,44.01929092805,30
1073,1,55.73098799241626,31
1750,5,32.1640487034111,32
1423,5,73.31758679567444,33
1258,4,56.29255989911728,34
1017,3,78.65527185975932,35
884,1,62.8335552853531,36
797,4,64.04919115219545,37
1056,4,66.33287581309304,38
1536,4,48.30675422138837,39
796,4,36.426565189816074,40
1516,4,75.23575360809406,41
1998,3,45.82283406210628,42
908,5,42.50829944670355,43
563,5,44.753551989821105,44
798,2,46.262645185462716,45
1314,2,38.47528842045293,46
666,5,57.81417528360606,47
917,1,59.599459945994596,48
671,5,37.05520898315661,49
1362,5,37.43864140638334,50
1512,5,62.84996009577015,51
1619,2,41.75348001796138,52
1589,5,78.15539752333093,53
1258,3,32.745837175245434,54
898,4,42.43838395894253,55
1229,5,33.83087027914614,56
1327,4,45.036114120621164,57
798,4,63.93939393939394,58
1690,2,42.497236890580865,59
803,5,36.46115288220551,60
1962,4,60.21914987498161,61
540,2,63.42528315674096,62
1711,3,59.04632328731924,63
1955,4,49.33795176785831,64
1004,5,60.69152117295263,65
767,1,52.296702643237296,66
1072,2,66.12348865643256,67
1294,5,51.253140995812004,68
935,3,38.53973740400382,69
1485,5,61.49225473321859,70
562,3,77.24376445629595,71
993,5,48.040100250626566,72
1080,2,38.694625998547565,73
1728,5,39.88744248681405,74
991,2,78.86733416770964,75
1956,2,61.65066026410564,76
1085,2,68.47186700767263,77
1554,2,38.12989954125777,78
678,2,48.380067052727824,79
1544,2,58.24929971988796,80
607,3,78.65486083128692,81
1068,5,38.31317793676436,82
997,2,56.93319538870824,83
1672,1,38.65861040252497,84
591,5,44.67764810163983,85
984,4,33.94290050270321,86
1700,5,38.97802197802198,87
1564,4,36.59822830230988,88
1146,3,39.9521448736487,89
1344,2,63.13184886473219,90
1511,3,38.17826215873065,91
1491,5,56.93506493506493,92
1871,3,45.68500539374326,93
1679,4,77.1757602862254,94
648,2,36.604278074866315,95
896,4,35.03052503052503,96
503,5,35.999518999519,97
694,1,62.87147975497939,98
1559,1,62.20600832719087,99
1693,4,60.87337840306961,100
876,1,71.0059779562862,101
1418,1,64.87472569246454,102
1365,5,45.141968604995554,103
773,2,70.68810701850833,104
1739,2,46.476812947401186,105
1326,1,47.23901337502171,106
645,1,34.47984272111422,107
1168,4,32.99133184320994,108
1947,4,36.55576257652382,109
1301,2,38.13725490196079,110
1504,1,77.1093413689195,111
916,4,32.81641681002703,112
1689,5,40.55155205954495,113
1498,4,69.30325592161101,114
1752,4,59.72420667885031,115
1901,2,41.10926863326933,116
1307,2,61.71984047856431,117
750,5,55.61334264757248,118
1561,2,34.690402476780186,119
609,2,72.54356320625197,120
1608,5,39.24231464737794,121
695,3,72.89139700351866,122
534,1,43.716694063228715,123
866,5,38.690605590062106,124
968,1,65.14460208907488,125
735,5,46.58444693508061,126
1023,5,50.56432125088841,127
1206,5,59.69899841855561,128
1650,4,58.868436349544666,129
1221,2,76.7584701725213,130
1163,4,53.83763051353079,131
509,4,52.87841191066997,132
1409,2,76.25538020086083,133
560,1,77.016998159993,134
943,4,67.36454849498328,135
730,5,62.02247560574498,136
905,1,74.9009900990099,137
795,1,67.47524752475248,138
1689,1,72.74206813652611,139
1425,3,37.834763847849544,140
721,1,76.82214551730402,141
1065,1,77.45660280313746,142
731,2,44.824780976220275,143
1201,4,58.59165302782327,144
1219,4,35.4490760636012,145
1947,2,47.59793558015173,146
1490,3,42.154172770839025,147
652,2,62.43516761543327,148
1580,5,51.571074087203115,149
1264,3,38.218571309802044,150
1650,4,41.609289027942545,151
1734,1,76.92132726786193,152
1719,4,60.76833318373575,153
1829,5,63.41424699961286,154
1605,1,76.24153997549855,155
608,5,70.22376738305942,156
1205,4,49.99540953505148,157
593,2,40.32153539381854,158
637,3,69.24906506194345,159
1289,4,62.70606982471389,160
685,1,42.004152028106034,161
1312,1,74.55471194787873,162
1389,4,69.00814625956097,163
517,1,42.95665393310985,164
1536,5,31.48692152917505,165
1071,5,42.740843863782395,166
1640,1,71.33722218375686,167
1287,1,62.042757014038116,168
1656,3,51.80498961931755,169
1311,5,50.824175824175825,170
811,4,33.072631691878556,171
1559,3,33.48693776089302,172
590,3,72.21423497175333,173
925,2,33.10924369747899,174
1087,2,74.81244671781756,175
1115,2,35.41452822739834,176
1929,3,53.59611650485437,177
977,2,68.13124692774045,178
1002,4,54.92027972027972,179
720,2,63.60863902756675,180
1180,3,41.74552628563009,181
630,2,46.77792465300727,182
1933,2,78.91190278928474,183
1491,1,72.8029231494578,184
1317,3,39.70125484477532,185
1924,2,37.01377848436672,186
1582,2,40.757196495619525,187
1943,2,37.042394175633014,188
544,2,53.94248003910705,189
1075,1,65.37758013089444,190
1897,2,75.37730905279707,191
1200,3,54.18711176551791,192
1210,5,52.23713128976287,193
1878,3,55.72122052704577,194
1774,4,33.1110872367855,195
1260,1,40.13020088135981,196
743,2,75.40418435415398,197
1762,1,71.85995526462948,198
1909,5,56.823991797676,199
